[{"model": "sync.elementtype", "pk": "2725c1bf-5179-4209-97de-f61f37e45231", "fields": {"description": "ISE Server", "name": "ISE_SERVER", "auth_type": 2, "token_header_name": null, "static_headers": {"content-type": "application/json", "accept": "application/json"}}}, {"model": "sync.elementtype", "pk": "677e1196-7e09-458b-86e4-4e7bbc008b18", "fields": {"description": "Meraki Organization", "name": "MERAKI_ORG", "auth_type": 1, "token_header_name": "X-Cisco-Meraki-API-Key", "static_headers": {}}}, {"model": "sync.generictype", "pk": "2ff061b3-2269-40b3-81a3-d2f5290ae844", "fields": {"name": "ACL", "display_name_key": "name", "significant_name_key": "name", "significant_key_label": "ACL Name", "significant_name_restrictions": "Permit_IP,Permit_IP_Log,Deny_IP,Deny_IP_Log,Permit IP,Permit IP Log,Deny IP,Deny IP Log", "safe_char_regex": "[^0-9a-zA-Z]+", "safe_char_repl": "_", "safe_max_len": 32, "safe_max_len_map": "name:32,description:256", "has_manual_sync": false, "type_order": 2}}, {"model": "sync.generictype", "pk": "8d1b48f6-2ced-4b62-bc2d-3d771aae6164", "fields": {"name": "Tag", "display_name_key": "name", "significant_name_key": "value", "significant_key_label": "Tag Value", "significant_name_restrictions": "0,2", "safe_char_regex": "[^0-9a-zA-Z]+", "safe_char_repl": "_", "safe_max_len": 32, "safe_max_len_map": "name:32,description:256", "has_manual_sync": true, "type_order": 1}}, {"model": "sync.generictype", "pk": "c2419ffa-4758-4a78-9406-0cffb50cb1da", "fields": {"name": "Policy", "display_name_key": "name", "significant_name_key": "_{{srcGroupId}}-{{dstGroupId}}||{{sourceSgtId}}-{{destinationSgtId}}::Tag||name::name", "significant_key_label": "Policy Mapping", "significant_name_restrictions": "ANY-ANY", "safe_char_regex": "[^0-9a-zA-Z]+", "safe_char_repl": "_", "safe_max_len": 32, "safe_max_len_map": "name:32,description:256", "has_manual_sync": false, "type_order": 3}}, {"model": "sync.generictypematchrule", "pk": "101b4d6f-00bb-40ae-b4a7-493879a4c75c", "fields": {"generictype": "c2419ffa-4758-4a78-9406-0cffb50cb1da", "name": "Mapping", "description": "Policy Mapping must match", "field": "_{{srcGroupId}}-{{dstGroupId}}||{{sourceSgtId}}-{{destinationSgtId}}::Tag||name::name", "match_type": "match", "equivalence_mapping": null, "match": true, "source_optional": false, "default_for_optional": null}}, {"model": "sync.generictypematchrule", "pk": "12396fad-0d0d-4a2c-bbab-ad7806e2493b", "fields": {"generictype": "c2419ffa-4758-4a78-9406-0cffb50cb1da", "name": "Enabled", "description": "Policy Enabled Value must match", "field": "matrixCellStatus,bindingEnabled", "match_type": "match", "equivalence_mapping": "True=ENABLED||False=DISABLED", "match": true, "source_optional": false, "default_for_optional": null}}, {"model": "sync.generictypematchrule", "pk": "20a67274-bab7-43c7-854c-960ae7150f3b", "fields": {"generictype": "c2419ffa-4758-4a78-9406-0cffb50cb1da", "name": "Default", "description": "Policy Default/Catchall must match", "field": "catchAllRule,defaultRule", "match_type": "match", "equivalence_mapping": "NONE=global||PERMIT_IP=allow all||DENY_IP=deny all", "match": true, "source_optional": false, "default_for_optional": null}}, {"model": "sync.generictypematchrule", "pk": "27d94bdb-9a61-4164-aabd-9fb55423ff56", "fields": {"generictype": "c2419ffa-4758-4a78-9406-0cffb50cb1da", "name": "Unchangeable", "description": "Ignore id, timestamps, etc", "field": "id,policyId,updatedAt,createdAt,link,generationId,name,description", "match_type": "none", "equivalence_mapping": null, "match": false, "source_optional": false, "default_for_optional": null}}, {"model": "sync.generictypematchrule", "pk": "319ceb26-3068-4ab0-8a78-f146b01945be", "fields": {"generictype": "c2419ffa-4758-4a78-9406-0cffb50cb1da", "name": "ACL", "description": "Policy ACL must match", "field": "_{{aclIds}}||{{*catchAllRule}}||{{sgacls}}::ACL||name::name", "match_type": "cleaned", "equivalence_mapping": "allow_all=Permit_IP||deny_all=Deny_IP", "match": true, "source_optional": false, "default_for_optional": null}}, {"model": "sync.generictypematchrule", "pk": "426bdce9-447d-454f-8269-532db47fb692", "fields": {"generictype": "8d1b48f6-2ced-4b62-bc2d-3d771aae6164", "name": "Name", "description": "Cleaned Tag Name must match", "field": "name", "match_type": "cleaned", "equivalence_mapping": null, "match": true, "source_optional": false, "default_for_optional": null}}, {"model": "sync.generictypematchrule", "pk": "5c97f4b4-6486-4110-a531-ccf8cd935a0c", "fields": {"generictype": "2ff061b3-2269-40b3-81a3-d2f5290ae844", "name": "Version", "description": "Ensure IP version matches", "field": "ipVersion", "match_type": "match", "equivalence_mapping": "ipv4=IPV4||ipv6=IPV6||None=any||None=agnostic", "match": true, "source_optional": true, "default_for_optional": "any"}}, {"model": "sync.generictypematchrule", "pk": "ab079bb8-53c4-40bf-995b-545ec164ac55", "fields": {"generictype": "2ff061b3-2269-40b3-81a3-d2f5290ae844", "name": "Rules", "description": "Ensure ACL Content/Rules match", "field": "aclcontent~~ACEParser,rules", "match_type": "AdvancedMappingTable", "equivalence_mapping": null, "match": true, "source_optional": false, "default_for_optional": null}}, {"model": "sync.generictypematchrule", "pk": "baca9afc-7ae1-40be-bdab-4c834bce923d", "fields": {"generictype": "2ff061b3-2269-40b3-81a3-d2f5290ae844", "name": "Description", "description": "Cleaned ACL Description must match", "field": "description", "match_type": "cleaned", "equivalence_mapping": null, "match": true, "source_optional": false, "default_for_optional": null}}, {"model": "sync.generictypematchrule", "pk": "c1c57548-cfb0-4ffe-a4e4-81cbad329676", "fields": {"generictype": "8d1b48f6-2ced-4b62-bc2d-3d771aae6164", "name": "Unchangeable", "description": "Ignore id, timestamps, etc", "field": "id,groupId,createdAt,updatedAt,link,generationId,propogateToApic,requiredIpMappings,networkObjectIds,isDefaultGroup,versionNum", "match_type": "none", "equivalence_mapping": null, "match": false, "source_optional": false, "default_for_optional": null}}, {"model": "sync.generictypematchrule", "pk": "c89ec389-0c01-42dd-b8a5-c99fe0ef2ee0", "fields": {"generictype": "2ff061b3-2269-40b3-81a3-d2f5290ae844", "name": "Unchangeable", "description": "Ignore id, timestamps, etc", "field": "id,aclId,createdAt,updatedAt,link,generationId", "match_type": "none", "equivalence_mapping": null, "match": false, "source_optional": false, "default_for_optional": null}}, {"model": "sync.generictypematchrule", "pk": "d2dc41a6-7903-4c8c-9070-31200fbb32b2", "fields": {"generictype": "2ff061b3-2269-40b3-81a3-d2f5290ae844", "name": "Name", "description": "Cleaned ACL Name must match", "field": "name", "match_type": "cleaned", "equivalence_mapping": null, "match": true, "source_optional": false, "default_for_optional": null}}, {"model": "sync.generictypematchrule", "pk": "f78c3e3d-f1c5-4f78-9d14-c6b34a918482", "fields": {"generictype": "8d1b48f6-2ced-4b62-bc2d-3d771aae6164", "name": "Description", "description": "Cleaned Tag Description must match", "field": "description", "match_type": "cleaned", "equivalence_mapping": null, "match": true, "source_optional": false, "default_for_optional": null}}, {"model": "sync.generictypematchrule", "pk": "fba03edc-6401-4bc0-9acc-a9b99cb047af", "fields": {"generictype": "8d1b48f6-2ced-4b62-bc2d-3d771aae6164", "name": "Value", "description": "Value must match", "field": "value", "match_type": "match", "equivalence_mapping": null, "match": true, "source_optional": false, "default_for_optional": null}}, {"model": "sync.generictypetrigger", "pk": "a7ebb48f-4cd8-4791-9aae-20f7d9d3becc", "fields": {"generictype": "8d1b48f6-2ced-4b62-bc2d-3d771aae6164", "description": "Set do_sync on Policies where src/dst are enabled", "update_generictype": "c2419ffa-4758-4a78-9406-0cffb50cb1da", "xref_generictype": "8d1b48f6-2ced-4b62-bc2d-3d771aae6164", "linked_fields": "srcGroupId,dstGroupId,sourceSgtId,destinationSgtId"}}, {"model": "sync.generictypetrigger", "pk": "e7ab167e-9f97-4f02-914e-3a3f7c3fdcac", "fields": {"generictype": "c2419ffa-4758-4a78-9406-0cffb50cb1da", "description": "Set do_sync on ACLs where referenced in Policy", "update_generictype": "c2419ffa-4758-4a78-9406-0cffb50cb1da", "xref_generictype": "2ff061b3-2269-40b3-81a3-d2f5290ae844", "linked_fields": "aclIds,sgacls"}}, {"model": "sync.apicalltemplate", "pk": "0a76adb5-c41b-4796-b9ff-0f38e8aaaeef", "fields": {"action_type": 2, "elementtype": "2725c1bf-5179-4209-97de-f61f37e45231", "generictype": "8d1b48f6-2ced-4b62-bc2d-3d771aae6164", "api_method": 2, "api_pagination": 3, "api_next_page_path": "SearchResult.nextPage.href", "parse_path": "SearchResult.resources", "id_field": null, "url_template": "{{baseurl}}/ers/config/sgt", "body_template": "{}", "rerun_list_with_id": true, "rerun_parse_path": "Sgt", "last_update": "2021-06-03T08:09:10.554Z", "sequence": 1}}, {"model": "sync.apicalltemplate", "pk": "1a862442-83f0-4a21-ae45-263e60568afb", "fields": {"action_type": 1, "elementtype": "2725c1bf-5179-4209-97de-f61f37e45231", "generictype": "2ff061b3-2269-40b3-81a3-d2f5290ae844", "api_method": 1, "api_pagination": 1, "api_next_page_path": null, "parse_path": "Sgacl", "id_field": null, "url_template": "{{baseurl}}/ers/config/sgacl", "body_template": "{\r\n  \"Sgacl\": {\r\n    \"name\": \"{{name}}\",\r\n    \"description\": \"{{description}}\",\r\n    \"ipVersion\": \"{{ipVersion}}\",\r\n    \"aclcontent\": \"{{aclcontent}}\"\r\n  }\r\n}", "rerun_list_with_id": true, "rerun_parse_path": "Sgacl", "last_update": "2021-06-30T02:17:22.340Z", "sequence": 0}}, {"model": "sync.apicalltemplate", "pk": "1f51ce4e-cf54-4130-88c2-c36a3ab060eb", "fields": {"action_type": 3, "elementtype": "2725c1bf-5179-4209-97de-f61f37e45231", "generictype": "c2419ffa-4758-4a78-9406-0cffb50cb1da", "api_method": 3, "api_pagination": 1, "api_next_page_path": null, "parse_path": "EgressMatrixCell", "id_field": null, "url_template": "{{baseurl}}/ers/config/egressmatrixcell/{{id}}", "body_template": "{\r\n  \"EgressMatrixCell\": {\r\n    \"id\": \"{{source_id}}\",\r\n    \"sourceSgtId\": \"{{sourceSgtId}}\",\r\n    \"destinationSgtId\": \"{{destinationSgtId}}\",\r\n    \"matrixCellStatus\": \"ENABLED\",\r\n    \"defaultRule\": \"{{defaultRule}}\",\r\n    \"sgacls\": {{sgacls}}\r\n  }\r\n}", "rerun_list_with_id": true, "rerun_parse_path": "EgressMatrixCell", "last_update": "2021-06-30T05:52:09.729Z", "sequence": 0}}, {"model": "sync.apicalltemplate", "pk": "1fb3f9e1-e37b-41f4-9ac5-07ff1c83dbfb", "fields": {"action_type": 2, "elementtype": "677e1196-7e09-458b-86e4-4e7bbc008b18", "generictype": "c2419ffa-4758-4a78-9406-0cffb50cb1da", "api_method": 2, "api_pagination": 1, "api_next_page_path": null, "parse_path": null, "id_field": "_s{{srcGroupId}}-d{{dstGroupId}}", "url_template": "{{baseurl}}/organizations/{{organizationId}}/adaptivePolicy/bindings", "body_template": "{}", "rerun_list_with_id": false, "rerun_parse_path": null, "last_update": "2021-06-03T05:29:40.061Z", "sequence": 3}}, {"model": "sync.apicalltemplate", "pk": "29cc70e6-0804-4f09-a5a8-476d4e3da276", "fields": {"action_type": 1, "elementtype": "677e1196-7e09-458b-86e4-4e7bbc008b18", "generictype": "8d1b48f6-2ced-4b62-bc2d-3d771aae6164", "api_method": 1, "api_pagination": 1, "api_next_page_path": null, "parse_path": null, "id_field": null, "url_template": "{{baseurl}}/organizations/{{organizationId}}/adaptivePolicy/groups", "body_template": "{\r\n\t\"value\": \"{{value}}\",\r\n\t\"name\": \"{{name}}\",\r\n\t\"description\": \"{{description}}\"\r\n}", "rerun_list_with_id": false, "rerun_parse_path": null, "last_update": "2021-06-29T22:56:28.634Z", "sequence": 0}}, {"model": "sync.apicalltemplate", "pk": "3319d0f0-a8fb-41a6-a8dd-67e0217faa1b", "fields": {"action_type": 2, "elementtype": "677e1196-7e09-458b-86e4-4e7bbc008b18", "generictype": "8d1b48f6-2ced-4b62-bc2d-3d771aae6164", "api_method": 2, "api_pagination": 1, "api_next_page_path": null, "parse_path": null, "id_field": "groupId", "url_template": "{{baseurl}}/organizations/{{organizationId}}/adaptivePolicy/groups", "body_template": "{}", "rerun_list_with_id": false, "rerun_parse_path": null, "last_update": "2021-06-03T05:28:23.288Z", "sequence": 1}}, {"model": "sync.apicalltemplate", "pk": "4bc52768-700e-44b2-b0bd-8cdf6c4f7145", "fields": {"action_type": 4, "elementtype": "677e1196-7e09-458b-86e4-4e7bbc008b18", "generictype": "c2419ffa-4758-4a78-9406-0cffb50cb1da", "api_method": 3, "api_pagination": 1, "api_next_page_path": null, "parse_path": null, "id_field": null, "url_template": "{{baseurl}}/organizations/{{organizationId}}/adaptivePolicy/bindings", "body_template": "{\r\n\t\"aclIds\": {{aclIds}},\r\n\t\"catchAllRule\": \"{{catchAllRule}}\",\r\n\t\"bindingEnabled\": true,\r\n\t\"monitorModeEnabled\": false,\r\n\t\"srcGroupId\": \"{{srcGroupId}}\",\r\n\t\"dstGroupId\": \"{{dstGroupId}}\",\r\n\t\"name\": \"{{name}}\",\r\n\t\"description\": \"{{description}}\"\r\n}", "rerun_list_with_id": false, "rerun_parse_path": null, "last_update": "2021-06-29T15:28:58.869Z", "sequence": 0}}, {"model": "sync.apicalltemplate", "pk": "53a3de84-c40d-4fb2-9acb-f9b7fa3e990d", "fields": {"action_type": 4, "elementtype": "677e1196-7e09-458b-86e4-4e7bbc008b18", "generictype": "8d1b48f6-2ced-4b62-bc2d-3d771aae6164", "api_method": 4, "api_pagination": 1, "api_next_page_path": null, "parse_path": null, "id_field": null, "url_template": "{{baseurl}}/organizations/{{organizationId}}/adaptivePolicy/groups/{{id}}", "body_template": "{}", "rerun_list_with_id": false, "rerun_parse_path": null, "last_update": "2021-06-03T02:55:44.602Z", "sequence": 0}}, {"model": "sync.apicalltemplate", "pk": "57b1e011-4709-469f-9253-5c5f77f0e7db", "fields": {"action_type": 2, "elementtype": "2725c1bf-5179-4209-97de-f61f37e45231", "generictype": "2ff061b3-2269-40b3-81a3-d2f5290ae844", "api_method": 2, "api_pagination": 3, "api_next_page_path": "SearchResult.nextPage.href", "parse_path": "SearchResult.resources", "id_field": null, "url_template": "{{baseurl}}/ers/config/sgacl", "body_template": "{}", "rerun_list_with_id": true, "rerun_parse_path": "Sgacl", "last_update": "2021-06-03T08:09:04.980Z", "sequence": 2}}, {"model": "sync.apicalltemplate", "pk": "5b1da0c8-4a68-43fd-9194-c2936754ab45", "fields": {"action_type": 1, "elementtype": "677e1196-7e09-458b-86e4-4e7bbc008b18", "generictype": "c2419ffa-4758-4a78-9406-0cffb50cb1da", "api_method": 1, "api_pagination": 1, "api_next_page_path": null, "parse_path": null, "id_field": null, "url_template": "{{baseurl}}/organizations/{{organizationId}}/adaptivePolicy/bindings", "body_template": "{\r\n\t\"aclIds\": {{aclIds}},\r\n\t\"catchAllRule\": \"{{catchAllRule}}\",\r\n\t\"bindingEnabled\": true,\r\n\t\"monitorModeEnabled\": false,\r\n\t\"srcGroupId\": \"{{srcGroupId}}\",\r\n\t\"dstGroupId\": \"{{dstGroupId}}\",\r\n\t\"name\": \"{{name}}\",\r\n\t\"description\": \"{{description}}\"\r\n}", "rerun_list_with_id": false, "rerun_parse_path": null, "last_update": "2021-06-29T15:28:37.979Z", "sequence": 0}}, {"model": "sync.apicalltemplate", "pk": "7abfb69f-b889-4f13-96a3-258795fceb68", "fields": {"action_type": 1, "elementtype": "677e1196-7e09-458b-86e4-4e7bbc008b18", "generictype": "2ff061b3-2269-40b3-81a3-d2f5290ae844", "api_method": 1, "api_pagination": 1, "api_next_page_path": null, "parse_path": null, "id_field": null, "url_template": "{{baseurl}}/organizations/{{organizationId}}/adaptivePolicy/acls", "body_template": "{\r\n\t\"name\": \"{{name}}\",\r\n\t\"description\": \"{{description}}\",\r\n\t\"ipVersion\": \"{{ipVersion}}\",\r\n\t\"rules\": {{rules}}\r\n}", "rerun_list_with_id": false, "rerun_parse_path": null, "last_update": "2021-06-10T15:56:34.617Z", "sequence": 0}}, {"model": "sync.apicalltemplate", "pk": "830dac93-9d3c-4f96-8536-d0964940fedb", "fields": {"action_type": 4, "elementtype": "677e1196-7e09-458b-86e4-4e7bbc008b18", "generictype": "2ff061b3-2269-40b3-81a3-d2f5290ae844", "api_method": 4, "api_pagination": 1, "api_next_page_path": null, "parse_path": null, "id_field": null, "url_template": "{{baseurl}}/organizations/{{organizationId}}/adaptivePolicy/acls/{{id}}", "body_template": "{}", "rerun_list_with_id": false, "rerun_parse_path": null, "last_update": "2021-06-03T02:56:21.961Z", "sequence": 0}}, {"model": "sync.apicalltemplate", "pk": "85e1fd30-b8c8-4745-b243-e6f26d535bc8", "fields": {"action_type": 3, "elementtype": "677e1196-7e09-458b-86e4-4e7bbc008b18", "generictype": "8d1b48f6-2ced-4b62-bc2d-3d771aae6164", "api_method": 3, "api_pagination": 1, "api_next_page_path": null, "parse_path": null, "id_field": null, "url_template": "{{baseurl}}/organizations/{{organizationId}}/adaptivePolicy/groups/{{id}}", "body_template": "{\r\n\t\"value\": \"{{value}}\",\r\n\t\"name\": \"{{name}}\",\r\n\t\"description\": \"{{description}}\"\r\n}", "rerun_list_with_id": false, "rerun_parse_path": null, "last_update": "2021-06-29T22:56:40.487Z", "sequence": 0}}, {"model": "sync.apicalltemplate", "pk": "8ffbe138-2b46-42c5-8866-985b071c1fc9", "fields": {"action_type": 3, "elementtype": "2725c1bf-5179-4209-97de-f61f37e45231", "generictype": "2ff061b3-2269-40b3-81a3-d2f5290ae844", "api_method": 3, "api_pagination": 1, "api_next_page_path": null, "parse_path": "Sgacl", "id_field": null, "url_template": "{{baseurl}}/ers/config/sgacl/{{id}}", "body_template": "{\r\n  \"Sgacl\": {\r\n    \"name\": \"{{name}}\",\r\n    \"description\": \"{{description}}\",\r\n    \"ipVersion\": \"{{ipVersion}}\",\r\n    \"aclcontent\": \"{{aclcontent}}\"\r\n  }\r\n}", "rerun_list_with_id": true, "rerun_parse_path": "Sgacl", "last_update": "2021-06-30T02:17:32.932Z", "sequence": 0}}, {"model": "sync.apicalltemplate", "pk": "9b22cacd-0323-4949-bb84-b7d603d4c78c", "fields": {"action_type": 2, "elementtype": "677e1196-7e09-458b-86e4-4e7bbc008b18", "generictype": "2ff061b3-2269-40b3-81a3-d2f5290ae844", "api_method": 2, "api_pagination": 1, "api_next_page_path": null, "parse_path": null, "id_field": "aclId", "url_template": "{{baseurl}}/organizations/{{organizationId}}/adaptivePolicy/acls", "body_template": "{}", "rerun_list_with_id": false, "rerun_parse_path": null, "last_update": "2021-06-03T05:28:13.356Z", "sequence": 2}}, {"model": "sync.apicalltemplate", "pk": "9c418ae0-8465-4204-811e-01e2ceb5cf34", "fields": {"action_type": 3, "elementtype": "677e1196-7e09-458b-86e4-4e7bbc008b18", "generictype": "2ff061b3-2269-40b3-81a3-d2f5290ae844", "api_method": 3, "api_pagination": 1, "api_next_page_path": null, "parse_path": null, "id_field": null, "url_template": "{{baseurl}}/organizations/{{organizationId}}/adaptivePolicy/acls/{{id}}", "body_template": "{\r\n\t\"name\": \"{{name}}\",\r\n\t\"description\": \"{{description}}\",\r\n\t\"ipVersion\": \"{{ipVersion}}\",\r\n\t\"rules\": {{rules}}\r\n}", "rerun_list_with_id": false, "rerun_parse_path": null, "last_update": "2021-06-10T15:56:44.969Z", "sequence": 0}}, {"model": "sync.apicalltemplate", "pk": "9e4acb2a-0888-46f1-812b-121e2b99c88e", "fields": {"action_type": 4, "elementtype": "2725c1bf-5179-4209-97de-f61f37e45231", "generictype": "c2419ffa-4758-4a78-9406-0cffb50cb1da", "api_method": 4, "api_pagination": 1, "api_next_page_path": null, "parse_path": null, "id_field": null, "url_template": "{{baseurl}}/ers/config/egressmatrixcell/{{id}}", "body_template": "{}", "rerun_list_with_id": false, "rerun_parse_path": null, "last_update": "2021-06-03T02:56:08.334Z", "sequence": 0}}, {"model": "sync.apicalltemplate", "pk": "9f7725e6-b2a5-4088-9478-92f2c6674317", "fields": {"action_type": 1, "elementtype": "2725c1bf-5179-4209-97de-f61f37e45231", "generictype": "8d1b48f6-2ced-4b62-bc2d-3d771aae6164", "api_method": 1, "api_pagination": 1, "api_next_page_path": null, "parse_path": "Sgt", "id_field": null, "url_template": "{{baseurl}}/ers/config/sgt", "body_template": "{\r\n\t\"Sgt\": {\r\n\t\t\"name\": \"{{name}}\",\r\n\t\t\"description\": \"{{description}}\",\r\n\t\t\"value\": \"{{value}}\",\r\n\t\t\"propogateToApic\": false\r\n\t}\r\n}", "rerun_list_with_id": true, "rerun_parse_path": "Sgt", "last_update": "2021-06-30T02:17:03.595Z", "sequence": 0}}, {"model": "sync.apicalltemplate", "pk": "a0d6c24c-8380-412d-b050-5eba33743631", "fields": {"action_type": 4, "elementtype": "2725c1bf-5179-4209-97de-f61f37e45231", "generictype": "8d1b48f6-2ced-4b62-bc2d-3d771aae6164", "api_method": 4, "api_pagination": 1, "api_next_page_path": null, "parse_path": null, "id_field": null, "url_template": "{{baseurl}}/ers/config/sgt/{{id}}", "body_template": "{}", "rerun_list_with_id": false, "rerun_parse_path": null, "last_update": "2021-06-03T02:55:39.182Z", "sequence": 0}}, {"model": "sync.apicalltemplate", "pk": "b5f9b820-3377-411f-8ff7-ae5d84c2564b", "fields": {"action_type": 3, "elementtype": "677e1196-7e09-458b-86e4-4e7bbc008b18", "generictype": "c2419ffa-4758-4a78-9406-0cffb50cb1da", "api_method": 3, "api_pagination": 1, "api_next_page_path": null, "parse_path": null, "id_field": null, "url_template": "{{baseurl}}/organizations/{{organizationId}}/adaptivePolicy/bindings", "body_template": "{\r\n\t\"aclIds\": {{aclIds}},\r\n\t\"catchAllRule\": \"{{catchAllRule}}\",\r\n\t\"bindingEnabled\": true,\r\n\t\"monitorModeEnabled\": false,\r\n\t\"srcGroupId\": \"{{srcGroupId}}\",\r\n\t\"dstGroupId\": \"{{dstGroupId}}\",\r\n\t\"name\": \"{{name}}\",\r\n\t\"description\": \"{{description}}\"\r\n}", "rerun_list_with_id": false, "rerun_parse_path": null, "last_update": "2021-06-29T15:29:34.765Z", "sequence": 0}}, {"model": "sync.apicalltemplate", "pk": "c3ef47e8-9548-48fd-9c54-1b85c1926da8", "fields": {"action_type": 4, "elementtype": "2725c1bf-5179-4209-97de-f61f37e45231", "generictype": "2ff061b3-2269-40b3-81a3-d2f5290ae844", "api_method": 4, "api_pagination": 1, "api_next_page_path": null, "parse_path": null, "id_field": null, "url_template": "{{baseurl}}/ers/config/sgacl/{{id}}", "body_template": "{}", "rerun_list_with_id": false, "rerun_parse_path": null, "last_update": "2021-06-03T02:55:11.983Z", "sequence": 0}}, {"model": "sync.apicalltemplate", "pk": "cbee4324-a2cb-476f-8ada-ed45bb4ae1e4", "fields": {"action_type": 1, "elementtype": "2725c1bf-5179-4209-97de-f61f37e45231", "generictype": "c2419ffa-4758-4a78-9406-0cffb50cb1da", "api_method": 1, "api_pagination": 1, "api_next_page_path": null, "parse_path": "EgressMatrixCell", "id_field": null, "url_template": "{{baseurl}}/ers/config/egressmatrixcell", "body_template": "{\r\n  \"EgressMatrixCell\": {\r\n    \"sourceSgtId\": \"{{sourceSgtId}}\",\r\n    \"destinationSgtId\": \"{{destinationSgtId}}\",\r\n    \"matrixCellStatus\": \"ENABLED\",\r\n    \"defaultRule\": \"{{defaultRule}}\",\r\n    \"sgacls\": {{sgacls}}\r\n  }\r\n}", "rerun_list_with_id": true, "rerun_parse_path": "EgressMatrixCell", "last_update": "2021-06-30T02:17:43.060Z", "sequence": 0}}, {"model": "sync.apicalltemplate", "pk": "cf426ef9-bef2-4a57-9130-db50b821c51a", "fields": {"action_type": 2, "elementtype": "2725c1bf-5179-4209-97de-f61f37e45231", "generictype": "c2419ffa-4758-4a78-9406-0cffb50cb1da", "api_method": 2, "api_pagination": 3, "api_next_page_path": "SearchResult.nextPage.href", "parse_path": "SearchResult.resources", "id_field": null, "url_template": "{{baseurl}}/ers/config/egressmatrixcell", "body_template": "{}", "rerun_list_with_id": true, "rerun_parse_path": "EgressMatrixCell", "last_update": "2021-06-03T08:09:16.632Z", "sequence": 3}}, {"model": "sync.apicalltemplate", "pk": "e3e76c67-9dab-4c52-9388-3358f8e2fbb1", "fields": {"action_type": 3, "elementtype": "2725c1bf-5179-4209-97de-f61f37e45231", "generictype": "8d1b48f6-2ced-4b62-bc2d-3d771aae6164", "api_method": 3, "api_pagination": 1, "api_next_page_path": null, "parse_path": "Sgt", "id_field": null, "url_template": "{{baseurl}}/ers/config/sgt/{{id}}", "body_template": "{\r\n\t\"Sgt\": {\r\n\t\t\"name\": \"{{name}}\",\r\n\t\t\"description\": \"{{description}}\",\r\n\t\t\"value\": \"{{value}}\",\r\n\t\t\"propogateToApic\": false\r\n\t}\r\n}", "rerun_list_with_id": true, "rerun_parse_path": "Sgt", "last_update": "2021-06-30T02:17:14.158Z", "sequence": 0}}, {"model": "sync.advancedmappingtable", "pk": "20f45de8-8156-4944-aaac-b04303262d07", "fields": {"elementtype": "2725c1bf-5179-4209-97de-f61f37e45231", "generictype": "2ff061b3-2269-40b3-81a3-d2f5290ae844", "base_key": "aclcontent", "description": "Action/Policy \"Deny\"", "json_key_1": "action", "json_key_1_ignored": false, "json_key_1_required": false, "json_val_1_default": null, "json_val_1": "deny", "json_val_1_regex": false, "json_key_2": "policy", "json_key_2_ignored": false, "json_key_2_required": false, "json_val_2_default": null, "json_val_2": "deny", "output_flat_text": null, "use_flat_text": false}}, {"model": "sync.advancedmappingtable", "pk": "2134adaa-cf5c-484f-8258-554a43214aeb", "fields": {"elementtype": "2725c1bf-5179-4209-97de-f61f37e45231", "generictype": "2ff061b3-2269-40b3-81a3-d2f5290ae844", "base_key": "aclcontent", "description": "Action/Policy \"Permit\"", "json_key_1": "action", "json_key_1_ignored": false, "json_key_1_required": false, "json_val_1_default": null, "json_val_1": "permit", "json_val_1_regex": false, "json_key_2": "policy", "json_key_2_ignored": false, "json_key_2_required": false, "json_val_2_default": null, "json_val_2": "allow", "output_flat_text": null, "use_flat_text": false}}, {"model": "sync.advancedmappingtable", "pk": "2b32d474-29b6-46ea-acc6-49c6593a671e", "fields": {"elementtype": "2725c1bf-5179-4209-97de-f61f37e45231", "generictype": "2ff061b3-2269-40b3-81a3-d2f5290ae844", "base_key": "aclcontent", "description": "Ignore l4_dst", "json_key_1": "l4_dst", "json_key_1_ignored": true, "json_key_1_required": false, "json_val_1_default": null, "json_val_1": null, "json_val_1_regex": false, "json_key_2": null, "json_key_2_ignored": false, "json_key_2_required": false, "json_val_2_default": null, "json_val_2": null, "output_flat_text": null, "use_flat_text": false}}, {"model": "sync.advancedmappingtable", "pk": "2dab4e45-5de4-45ac-bbbf-a996c35ee3df", "fields": {"elementtype": "2725c1bf-5179-4209-97de-f61f37e45231", "generictype": "2ff061b3-2269-40b3-81a3-d2f5290ae844", "base_key": "aclcontent", "description": "Ignore src_port_lower -- In Source Port Range", "json_key_1": "src_port_lower", "json_key_1_ignored": true, "json_key_1_required": false, "json_val_1_default": null, "json_val_1": null, "json_val_1_regex": false, "json_key_2": null, "json_key_2_ignored": false, "json_key_2_required": false, "json_val_2_default": null, "json_val_2": null, "output_flat_text": null, "use_flat_text": false}}, {"model": "sync.advancedmappingtable", "pk": "37a0f683-ebfa-40e8-9843-2306d08b3852", "fields": {"elementtype": "2725c1bf-5179-4209-97de-f61f37e45231", "generictype": "2ff061b3-2269-40b3-81a3-d2f5290ae844", "base_key": "aclcontent", "description": "Ignore dst_port -- In Destination Port Eq", "json_key_1": "dst_port", "json_key_1_ignored": true, "json_key_1_required": false, "json_val_1_default": null, "json_val_1": null, "json_val_1_regex": false, "json_key_2": null, "json_key_2_ignored": false, "json_key_2_required": false, "json_val_2_default": null, "json_val_2": null, "output_flat_text": null, "use_flat_text": false}}, {"model": "sync.advancedmappingtable", "pk": "3c9e44fb-8291-4142-b7fb-1935fd04d14d", "fields": {"elementtype": "2725c1bf-5179-4209-97de-f61f37e45231", "generictype": "2ff061b3-2269-40b3-81a3-d2f5290ae844", "base_key": "aclcontent", "description": "Source Port Eq", "json_key_1": "src_oper=eq", "json_key_1_ignored": false, "json_key_1_required": false, "json_val_1_default": null, "json_val_1": "src_port", "json_val_1_regex": false, "json_key_2": "srcPort", "json_key_2_ignored": false, "json_key_2_required": true, "json_val_2_default": "any", "json_val_2": "{{v1}}", "output_flat_text": null, "use_flat_text": false}}, {"model": "sync.advancedmappingtable", "pk": "4f29d403-f309-44ad-9f5d-c0e476048dea", "fields": {"elementtype": "677e1196-7e09-458b-86e4-4e7bbc008b18", "generictype": "2ff061b3-2269-40b3-81a3-d2f5290ae844", "base_key": "rules", "description": "Protocol (icmp)", "json_key_1": "protocol", "json_key_1_ignored": false, "json_key_1_required": false, "json_val_1_default": null, "json_val_1": "icmp", "json_val_1_regex": false, "json_key_2": "protocol", "json_key_2_ignored": false, "json_key_2_required": false, "json_val_2_default": null, "json_val_2": "icmp", "output_flat_text": "icmp", "use_flat_text": true}}, {"model": "sync.advancedmappingtable", "pk": "521428ea-1dcd-4195-a5ff-61d00e2a86ba", "fields": {"elementtype": "677e1196-7e09-458b-86e4-4e7bbc008b18", "generictype": "2ff061b3-2269-40b3-81a3-d2f5290ae844", "base_key": "rules", "description": "Destination Port Any", "json_key_1": "dstPort", "json_key_1_ignored": false, "json_key_1_required": false, "json_val_1_default": null, "json_val_1": "^([any]+$)", "json_val_1_regex": true, "json_key_2": null, "json_key_2_ignored": false, "json_key_2_required": false, "json_val_2_default": null, "json_val_2": null, "output_flat_text": null, "use_flat_text": true}}, {"model": "sync.advancedmappingtable", "pk": "527b923f-bbca-4f2c-922d-5fd009e713d2", "fields": {"elementtype": "2725c1bf-5179-4209-97de-f61f37e45231", "generictype": "2ff061b3-2269-40b3-81a3-d2f5290ae844", "base_key": "aclcontent", "description": "Destination Port Range", "json_key_1": "dst_oper=range", "json_key_1_ignored": false, "json_key_1_required": false, "json_val_1_default": null, "json_val_1": "dst_port_lower,dst_port_upper", "json_val_1_regex": false, "json_key_2": "dstPort", "json_key_2_ignored": false, "json_key_2_required": false, "json_val_2_default": null, "json_val_2": "{{v1}}-{{v2}}", "output_flat_text": null, "use_flat_text": false}}, {"model": "sync.advancedmappingtable", "pk": "57a2f855-b9b3-495f-8ecf-a2c8bec2b46a", "fields": {"elementtype": "2725c1bf-5179-4209-97de-f61f37e45231", "generictype": "2ff061b3-2269-40b3-81a3-d2f5290ae844", "base_key": "aclcontent", "description": "Protocol (udp)", "json_key_1": "protocol", "json_key_1_ignored": false, "json_key_1_required": false, "json_val_1_default": null, "json_val_1": "udp", "json_val_1_regex": false, "json_key_2": "protocol", "json_key_2_ignored": false, "json_key_2_required": false, "json_val_2_default": null, "json_val_2": "udp", "output_flat_text": null, "use_flat_text": false}}, {"model": "sync.advancedmappingtable", "pk": "6661fbfd-487b-424c-aee8-01327458c03e", "fields": {"elementtype": "2725c1bf-5179-4209-97de-f61f37e45231", "generictype": "2ff061b3-2269-40b3-81a3-d2f5290ae844", "base_key": "aclcontent", "description": "Ignore l4_src", "json_key_1": "l4_src", "json_key_1_ignored": true, "json_key_1_required": false, "json_val_1_default": null, "json_val_1": null, "json_val_1_regex": false, "json_key_2": null, "json_key_2_ignored": false, "json_key_2_required": false, "json_val_2_default": null, "json_val_2": null, "output_flat_text": null, "use_flat_text": false}}, {"model": "sync.advancedmappingtable", "pk": "800b19f1-37bf-4e80-a4bc-bb5296dc13ce", "fields": {"elementtype": "677e1196-7e09-458b-86e4-4e7bbc008b18", "generictype": "2ff061b3-2269-40b3-81a3-d2f5290ae844", "base_key": "rules", "description": "Source Port Any", "json_key_1": "srcPort", "json_key_1_ignored": false, "json_key_1_required": false, "json_val_1_default": null, "json_val_1": "^([any]+$)", "json_val_1_regex": true, "json_key_2": null, "json_key_2_ignored": false, "json_key_2_required": false, "json_val_2_default": null, "json_val_2": null, "output_flat_text": null, "use_flat_text": true}}, {"model": "sync.advancedmappingtable", "pk": "849eb799-9415-45a3-9dfe-e21563cb9bf8", "fields": {"elementtype": "677e1196-7e09-458b-86e4-4e7bbc008b18", "generictype": "2ff061b3-2269-40b3-81a3-d2f5290ae844", "base_key": "rules", "description": "Action/Policy \"Deny\"", "json_key_1": "policy", "json_key_1_ignored": false, "json_key_1_required": false, "json_val_1_default": null, "json_val_1": "deny", "json_val_1_regex": false, "json_key_2": "action", "json_key_2_ignored": false, "json_key_2_required": false, "json_val_2_default": null, "json_val_2": "deny", "output_flat_text": "deny", "use_flat_text": true}}, {"model": "sync.advancedmappingtable", "pk": "8e054fc6-f783-4684-8027-4ba2a7741959", "fields": {"elementtype": "2725c1bf-5179-4209-97de-f61f37e45231", "generictype": "2ff061b3-2269-40b3-81a3-d2f5290ae844", "base_key": "aclcontent", "description": "Ignore src_port -- In Source Port Eq", "json_key_1": "src_port", "json_key_1_ignored": true, "json_key_1_required": false, "json_val_1_default": null, "json_val_1": null, "json_val_1_regex": false, "json_key_2": null, "json_key_2_ignored": false, "json_key_2_required": false, "json_val_2_default": null, "json_val_2": null, "output_flat_text": null, "use_flat_text": false}}, {"model": "sync.advancedmappingtable", "pk": "95b47481-6aeb-48b2-b02c-2a43dcdc4065", "fields": {"elementtype": "2725c1bf-5179-4209-97de-f61f37e45231", "generictype": "2ff061b3-2269-40b3-81a3-d2f5290ae844", "base_key": "aclcontent", "description": "Source Port Range", "json_key_1": "src_oper=range", "json_key_1_ignored": false, "json_key_1_required": false, "json_val_1_default": null, "json_val_1": "src_port_lower,src_port_upper", "json_val_1_regex": false, "json_key_2": "srcPort", "json_key_2_ignored": false, "json_key_2_required": false, "json_val_2_default": null, "json_val_2": "{{v1}}-{{v2}}", "output_flat_text": null, "use_flat_text": false}}, {"model": "sync.advancedmappingtable", "pk": "9622cdad-358f-4528-9fb0-7774e6090799", "fields": {"elementtype": "677e1196-7e09-458b-86e4-4e7bbc008b18", "generictype": "2ff061b3-2269-40b3-81a3-d2f5290ae844", "base_key": "rules", "description": "Protocol (any)", "json_key_1": "protocol", "json_key_1_ignored": false, "json_key_1_required": false, "json_val_1_default": null, "json_val_1": "any", "json_val_1_regex": false, "json_key_2": "protocol", "json_key_2_ignored": false, "json_key_2_required": false, "json_val_2_default": null, "json_val_2": "ip", "output_flat_text": "ip", "use_flat_text": true}}, {"model": "sync.advancedmappingtable", "pk": "9cab2702-0d15-4685-86fd-f9f3969580e7", "fields": {"elementtype": "2725c1bf-5179-4209-97de-f61f37e45231", "generictype": "2ff061b3-2269-40b3-81a3-d2f5290ae844", "base_key": "aclcontent", "description": "Ignore dst_port_upper -- In Destination Port Range", "json_key_1": "dst_port_upper", "json_key_1_ignored": true, "json_key_1_required": false, "json_val_1_default": null, "json_val_1": null, "json_val_1_regex": false, "json_key_2": null, "json_key_2_ignored": false, "json_key_2_required": false, "json_val_2_default": null, "json_val_2": null, "output_flat_text": null, "use_flat_text": false}}, {"model": "sync.advancedmappingtable", "pk": "a8ff7b98-ace8-4843-a882-9a8a1bb00a39", "fields": {"elementtype": "677e1196-7e09-458b-86e4-4e7bbc008b18", "generictype": "2ff061b3-2269-40b3-81a3-d2f5290ae844", "base_key": "rules", "description": "Destination Port Range", "json_key_1": "dstPort", "json_key_1_ignored": false, "json_key_1_required": false, "json_val_1_default": null, "json_val_1": "^([a-zA-Z0-9]*)-([a-zA-Z0-9]*)$", "json_val_1_regex": true, "json_key_2": "dst_oper=range", "json_key_2_ignored": false, "json_key_2_required": false, "json_val_2_default": null, "json_val_2": "dst_port_lower={{v1}},dst_port_upper={{v2}}", "output_flat_text": "dst range {{v1}} {{v2}}", "use_flat_text": true}}, {"model": "sync.advancedmappingtable", "pk": "b47e7a5a-2429-4041-84f0-c5e5c239b13f", "fields": {"elementtype": "677e1196-7e09-458b-86e4-4e7bbc008b18", "generictype": "2ff061b3-2269-40b3-81a3-d2f5290ae844", "base_key": "rules", "description": "Source Port Range", "json_key_1": "srcPort", "json_key_1_ignored": false, "json_key_1_required": false, "json_val_1_default": null, "json_val_1": "^([a-zA-Z0-9]*)-([a-zA-Z0-9]*)$", "json_val_1_regex": true, "json_key_2": "src_oper=range", "json_key_2_ignored": false, "json_key_2_required": false, "json_val_2_default": null, "json_val_2": "src_port_lower={{v1}},src_port_upper={{v2}}", "output_flat_text": "src range {{v1}} {{v2}}", "use_flat_text": true}}, {"model": "sync.advancedmappingtable", "pk": "b9a78091-d046-41ce-bc92-9736d94b5864", "fields": {"elementtype": "2725c1bf-5179-4209-97de-f61f37e45231", "generictype": "2ff061b3-2269-40b3-81a3-d2f5290ae844", "base_key": "aclcontent", "description": "Protocol (icmp)", "json_key_1": "protocol", "json_key_1_ignored": false, "json_key_1_required": false, "json_val_1_default": null, "json_val_1": "icmp", "json_val_1_regex": false, "json_key_2": "protocol", "json_key_2_ignored": false, "json_key_2_required": false, "json_val_2_default": null, "json_val_2": "icmp", "output_flat_text": null, "use_flat_text": false}}, {"model": "sync.advancedmappingtable", "pk": "bd0ca083-a187-4756-9b37-87a954ad7f30", "fields": {"elementtype": "677e1196-7e09-458b-86e4-4e7bbc008b18", "generictype": "2ff061b3-2269-40b3-81a3-d2f5290ae844", "base_key": "rules", "description": "Source Port Eq", "json_key_1": "srcPort", "json_key_1_ignored": false, "json_key_1_required": false, "json_val_1_default": null, "json_val_1": "^([^\\-][^\\any]+$)", "json_val_1_regex": true, "json_key_2": "src_oper=eq", "json_key_2_ignored": false, "json_key_2_required": false, "json_val_2_default": null, "json_val_2": "src_port={{v1}}", "output_flat_text": "src eq {{v1}}", "use_flat_text": true}}, {"model": "sync.advancedmappingtable", "pk": "c0d29096-f566-4826-9969-e3d94ffdba5f", "fields": {"elementtype": "2725c1bf-5179-4209-97de-f61f37e45231", "generictype": "2ff061b3-2269-40b3-81a3-d2f5290ae844", "base_key": "aclcontent", "description": "Protocol (tcp)", "json_key_1": "protocol", "json_key_1_ignored": false, "json_key_1_required": false, "json_val_1_default": null, "json_val_1": "tcp", "json_val_1_regex": false, "json_key_2": "protocol", "json_key_2_ignored": false, "json_key_2_required": false, "json_val_2_default": null, "json_val_2": "tcp", "output_flat_text": null, "use_flat_text": false}}, {"model": "sync.advancedmappingtable", "pk": "c8585337-bb0e-4726-bdb1-b7c9a724a011", "fields": {"elementtype": "677e1196-7e09-458b-86e4-4e7bbc008b18", "generictype": "2ff061b3-2269-40b3-81a3-d2f5290ae844", "base_key": "rules", "description": "Destination Port Eq", "json_key_1": "dstPort", "json_key_1_ignored": false, "json_key_1_required": false, "json_val_1_default": null, "json_val_1": "^([^\\-][^\\any]+$)", "json_val_1_regex": true, "json_key_2": "dst_oper=eq", "json_key_2_ignored": false, "json_key_2_required": false, "json_val_2_default": null, "json_val_2": "dst_port={{v1}}", "output_flat_text": "dst eq {{v1}}", "use_flat_text": true}}, {"model": "sync.advancedmappingtable", "pk": "d05e476c-7683-4cd7-ac91-d925fc26dcc9", "fields": {"elementtype": "2725c1bf-5179-4209-97de-f61f37e45231", "generictype": "2ff061b3-2269-40b3-81a3-d2f5290ae844", "base_key": "aclcontent", "description": "Ignore dst_port_lower -- In Destination Port Range", "json_key_1": "dst_port_lower", "json_key_1_ignored": true, "json_key_1_required": false, "json_val_1_default": null, "json_val_1": null, "json_val_1_regex": false, "json_key_2": null, "json_key_2_ignored": false, "json_key_2_required": false, "json_val_2_default": null, "json_val_2": null, "output_flat_text": null, "use_flat_text": false}}, {"model": "sync.advancedmappingtable", "pk": "df804b03-5a08-4bfe-aa68-42e83fa31551", "fields": {"elementtype": "2725c1bf-5179-4209-97de-f61f37e45231", "generictype": "2ff061b3-2269-40b3-81a3-d2f5290ae844", "base_key": "aclcontent", "description": "Destination Port Eq", "json_key_1": "dst_oper=eq", "json_key_1_ignored": false, "json_key_1_required": false, "json_val_1_default": null, "json_val_1": "dst_port", "json_val_1_regex": false, "json_key_2": "dstPort", "json_key_2_ignored": false, "json_key_2_required": true, "json_val_2_default": "any", "json_val_2": "{{v1}}", "output_flat_text": null, "use_flat_text": false}}, {"model": "sync.advancedmappingtable", "pk": "e40a8f44-5bd2-498c-a9d3-b31e5a481ca4", "fields": {"elementtype": "677e1196-7e09-458b-86e4-4e7bbc008b18", "generictype": "2ff061b3-2269-40b3-81a3-d2f5290ae844", "base_key": "rules", "description": "Protocol (tcp)", "json_key_1": "protocol", "json_key_1_ignored": false, "json_key_1_required": false, "json_val_1_default": null, "json_val_1": "tcp", "json_val_1_regex": false, "json_key_2": "protocol", "json_key_2_ignored": false, "json_key_2_required": false, "json_val_2_default": null, "json_val_2": "tcp", "output_flat_text": "tcp", "use_flat_text": true}}, {"model": "sync.advancedmappingtable", "pk": "e48256ec-69e7-4bdf-8677-afd46bc82b58", "fields": {"elementtype": "2725c1bf-5179-4209-97de-f61f37e45231", "generictype": "2ff061b3-2269-40b3-81a3-d2f5290ae844", "base_key": "aclcontent", "description": "Ignore tcpport", "json_key_1": "tcpport", "json_key_1_ignored": true, "json_key_1_required": false, "json_val_1_default": null, "json_val_1": null, "json_val_1_regex": false, "json_key_2": null, "json_key_2_ignored": false, "json_key_2_required": false, "json_val_2_default": null, "json_val_2": null, "output_flat_text": null, "use_flat_text": false}}, {"model": "sync.advancedmappingtable", "pk": "ee78a50b-c3ef-42ea-81c6-0a1d6a906276", "fields": {"elementtype": "2725c1bf-5179-4209-97de-f61f37e45231", "generictype": "2ff061b3-2269-40b3-81a3-d2f5290ae844", "base_key": "aclcontent", "description": "Protocol (ip)", "json_key_1": "protocol", "json_key_1_ignored": false, "json_key_1_required": false, "json_val_1_default": null, "json_val_1": "ip", "json_val_1_regex": false, "json_key_2": "protocol", "json_key_2_ignored": false, "json_key_2_required": false, "json_val_2_default": null, "json_val_2": "any", "output_flat_text": null, "use_flat_text": false}}, {"model": "sync.advancedmappingtable", "pk": "f16d96bd-171a-4819-a272-0885a3f149e5", "fields": {"elementtype": "677e1196-7e09-458b-86e4-4e7bbc008b18", "generictype": "2ff061b3-2269-40b3-81a3-d2f5290ae844", "base_key": "rules", "description": "Protocol (udp)", "json_key_1": "protocol", "json_key_1_ignored": false, "json_key_1_required": false, "json_val_1_default": null, "json_val_1": "udp", "json_val_1_regex": false, "json_key_2": "protocol", "json_key_2_ignored": false, "json_key_2_required": false, "json_val_2_default": null, "json_val_2": "udp", "output_flat_text": "udp", "use_flat_text": true}}, {"model": "sync.advancedmappingtable", "pk": "f413942c-13f7-4f5f-b716-797850540355", "fields": {"elementtype": "677e1196-7e09-458b-86e4-4e7bbc008b18", "generictype": "2ff061b3-2269-40b3-81a3-d2f5290ae844", "base_key": "rules", "description": "Action/Policy \"Permit\"", "json_key_1": "policy", "json_key_1_ignored": false, "json_key_1_required": false, "json_val_1_default": null, "json_val_1": "allow", "json_val_1_regex": false, "json_key_2": "action", "json_key_2_ignored": false, "json_key_2_required": false, "json_val_2_default": null, "json_val_2": "permit", "output_flat_text": "permit", "use_flat_text": true}}, {"model": "sync.advancedmappingtable", "pk": "f5544824-ab7f-4ff5-8d96-a12eb7946794", "fields": {"elementtype": "2725c1bf-5179-4209-97de-f61f37e45231", "generictype": "2ff061b3-2269-40b3-81a3-d2f5290ae844", "base_key": "aclcontent", "description": "Ignore src_port_upper -- In Source Port Range", "json_key_1": "src_port_upper", "json_key_1_ignored": true, "json_key_1_required": false, "json_val_1_default": null, "json_val_1": null, "json_val_1_regex": false, "json_key_2": null, "json_key_2_ignored": false, "json_key_2_required": false, "json_val_2_default": null, "json_val_2": null, "output_flat_text": null, "use_flat_text": false}}, {"model": "sync.basicmappingtable", "pk": "03bc78b3-72fe-47f0-bfc2-5f7b760e4340", "fields": {"elementtype": "677e1196-7e09-458b-86e4-4e7bbc008b18", "generictype": "8d1b48f6-2ced-4b62-bc2d-3d771aae6164", "description": "Translate 'description' -> 'description'", "src_keyname": "description", "is_excluded": false, "uses_advanced_mapping": false, "dst_keyname": "description", "simple_value_map": null, "dst_maxlen": 256, "dst_regex": "[^0-9a-zA-Z]+", "dst_repl_char": "_", "default_if_blank": "Tag {{name}}", "requires_lookup": false, "lookup_generictype": null}}, {"model": "sync.basicmappingtable", "pk": "07da0c0c-b073-4217-8d60-c31df3932b81", "fields": {"elementtype": "2725c1bf-5179-4209-97de-f61f37e45231", "generictype": "2ff061b3-2269-40b3-81a3-d2f5290ae844", "description": "Ignore 'generationId'", "src_keyname": "generationId", "is_excluded": true, "uses_advanced_mapping": false, "dst_keyname": null, "simple_value_map": null, "dst_maxlen": null, "dst_regex": null, "dst_repl_char": null, "default_if_blank": null, "requires_lookup": false, "lookup_generictype": null}}, {"model": "sync.basicmappingtable", "pk": "0e420c69-18ba-4780-90f4-3bd92df240e5", "fields": {"elementtype": "677e1196-7e09-458b-86e4-4e7bbc008b18", "generictype": "c2419ffa-4758-4a78-9406-0cffb50cb1da", "description": "Translate 'name' -> 'name'", "src_keyname": "name", "is_excluded": false, "uses_advanced_mapping": false, "dst_keyname": "name", "simple_value_map": null, "dst_maxlen": 32, "dst_regex": "[^0-9a-zA-Z]+", "dst_repl_char": "_", "default_if_blank": "{{key_value}}", "requires_lookup": false, "lookup_generictype": null}}, {"model": "sync.basicmappingtable", "pk": "0fabc035-fb60-45e1-a775-320d5d61b7f7", "fields": {"elementtype": "677e1196-7e09-458b-86e4-4e7bbc008b18", "generictype": "8d1b48f6-2ced-4b62-bc2d-3d771aae6164", "description": "Ignore 'networkObjectIds'", "src_keyname": "networkObjectIds", "is_excluded": true, "uses_advanced_mapping": false, "dst_keyname": null, "simple_value_map": null, "dst_maxlen": null, "dst_regex": null, "dst_repl_char": null, "default_if_blank": null, "requires_lookup": false, "lookup_generictype": null}}, {"model": "sync.basicmappingtable", "pk": "14f3c86b-3b23-460b-ab6a-0d23d7245d05", "fields": {"elementtype": "677e1196-7e09-458b-86e4-4e7bbc008b18", "generictype": "2ff061b3-2269-40b3-81a3-d2f5290ae844", "description": "Ignore 'aclId'", "src_keyname": "aclId", "is_excluded": true, "uses_advanced_mapping": false, "dst_keyname": null, "simple_value_map": null, "dst_maxlen": null, "dst_regex": null, "dst_repl_char": null, "default_if_blank": null, "requires_lookup": false, "lookup_generictype": null}}, {"model": "sync.basicmappingtable", "pk": "1fa07812-9ac6-41ee-8540-d1c0c887e395", "fields": {"elementtype": "677e1196-7e09-458b-86e4-4e7bbc008b18", "generictype": "c2419ffa-4758-4a78-9406-0cffb50cb1da", "description": "Translate 'bindingEnabled' -> 'matrixCellStatus'", "src_keyname": "bindingEnabled", "is_excluded": false, "uses_advanced_mapping": false, "dst_keyname": "matrixCellStatus", "simple_value_map": "True=ENABLED||False=DISABLED", "dst_maxlen": null, "dst_regex": null, "dst_repl_char": null, "default_if_blank": null, "requires_lookup": false, "lookup_generictype": null}}, {"model": "sync.basicmappingtable", "pk": "1fcb0631-22f3-4067-b363-79b1330e0ad8", "fields": {"elementtype": "2725c1bf-5179-4209-97de-f61f37e45231", "generictype": "2ff061b3-2269-40b3-81a3-d2f5290ae844", "description": "Ignore 'link'", "src_keyname": "link", "is_excluded": true, "uses_advanced_mapping": false, "dst_keyname": null, "simple_value_map": null, "dst_maxlen": null, "dst_regex": null, "dst_repl_char": null, "default_if_blank": null, "requires_lookup": false, "lookup_generictype": null}}, {"model": "sync.basicmappingtable", "pk": "23c27c07-818d-4f58-8e80-8fe5f059723d", "fields": {"elementtype": "677e1196-7e09-458b-86e4-4e7bbc008b18", "generictype": "8d1b48f6-2ced-4b62-bc2d-3d771aae6164", "description": "Ignore 'createdAt'", "src_keyname": "createdAt", "is_excluded": true, "uses_advanced_mapping": false, "dst_keyname": null, "simple_value_map": null, "dst_maxlen": null, "dst_regex": null, "dst_repl_char": null, "default_if_blank": null, "requires_lookup": false, "lookup_generictype": null}}, {"model": "sync.basicmappingtable", "pk": "23d032ac-688b-44a9-9bdb-3a6c8eed55b7", "fields": {"elementtype": "2725c1bf-5179-4209-97de-f61f37e45231", "generictype": "c2419ffa-4758-4a78-9406-0cffb50cb1da", "description": "Translate 'sourceSgtId' -> 'srcGroupId'", "src_keyname": "sourceSgtId", "is_excluded": false, "uses_advanced_mapping": false, "dst_keyname": "srcGroupId", "simple_value_map": null, "dst_maxlen": null, "dst_regex": null, "dst_repl_char": null, "default_if_blank": null, "requires_lookup": true, "lookup_generictype": "8d1b48f6-2ced-4b62-bc2d-3d771aae6164"}}, {"model": "sync.basicmappingtable", "pk": "2521dfdc-7484-491b-a5ca-273fb0387c83", "fields": {"elementtype": "677e1196-7e09-458b-86e4-4e7bbc008b18", "generictype": "8d1b48f6-2ced-4b62-bc2d-3d771aae6164", "description": "Ignore 'versionNum'", "src_keyname": "versionNum", "is_excluded": true, "uses_advanced_mapping": false, "dst_keyname": null, "simple_value_map": null, "dst_maxlen": null, "dst_regex": null, "dst_repl_char": null, "default_if_blank": null, "requires_lookup": false, "lookup_generictype": null}}, {"model": "sync.basicmappingtable", "pk": "25a97dee-3a04-49e7-bd63-a57ff59093a6", "fields": {"elementtype": "2725c1bf-5179-4209-97de-f61f37e45231", "generictype": "8d1b48f6-2ced-4b62-bc2d-3d771aae6164", "description": "Translate 'value' -> 'value'", "src_keyname": "value", "is_excluded": false, "uses_advanced_mapping": false, "dst_keyname": "value", "simple_value_map": null, "dst_maxlen": null, "dst_regex": null, "dst_repl_char": null, "default_if_blank": null, "requires_lookup": false, "lookup_generictype": null}}, {"model": "sync.basicmappingtable", "pk": "280705bc-70a0-4677-a621-e44ccc784e39", "fields": {"elementtype": "2725c1bf-5179-4209-97de-f61f37e45231", "generictype": "8d1b48f6-2ced-4b62-bc2d-3d771aae6164", "description": "Ignore 'link'", "src_keyname": "link", "is_excluded": true, "uses_advanced_mapping": false, "dst_keyname": null, "simple_value_map": null, "dst_maxlen": null, "dst_regex": null, "dst_repl_char": null, "default_if_blank": null, "requires_lookup": false, "lookup_generictype": null}}, {"model": "sync.basicmappingtable", "pk": "2b0fa69f-7069-46c5-a84b-978c7aa56521", "fields": {"elementtype": "2725c1bf-5179-4209-97de-f61f37e45231", "generictype": "2ff061b3-2269-40b3-81a3-d2f5290ae844", "description": "Ignore 'id'", "src_keyname": "id", "is_excluded": true, "uses_advanced_mapping": false, "dst_keyname": null, "simple_value_map": null, "dst_maxlen": null, "dst_regex": null, "dst_repl_char": null, "default_if_blank": null, "requires_lookup": false, "lookup_generictype": null}}, {"model": "sync.basicmappingtable", "pk": "2e42f60d-6675-4edc-9a1a-3991a3498320", "fields": {"elementtype": "677e1196-7e09-458b-86e4-4e7bbc008b18", "generictype": "c2419ffa-4758-4a78-9406-0cffb50cb1da", "description": "Translate 'catchAllRule' -> 'defaultRule'", "src_keyname": "catchAllRule", "is_excluded": false, "uses_advanced_mapping": false, "dst_keyname": "defaultRule", "simple_value_map": "global=NONE||allow all=PERMIT_IP||deny all=DENY_IP", "dst_maxlen": null, "dst_regex": null, "dst_repl_char": null, "default_if_blank": null, "requires_lookup": false, "lookup_generictype": null}}, {"model": "sync.basicmappingtable", "pk": "3f8f3727-64b5-42cc-a92d-edeec44510dd", "fields": {"elementtype": "2725c1bf-5179-4209-97de-f61f37e45231", "generictype": "8d1b48f6-2ced-4b62-bc2d-3d771aae6164", "description": "Ignore 'generationId'", "src_keyname": "generationId", "is_excluded": true, "uses_advanced_mapping": false, "dst_keyname": null, "simple_value_map": null, "dst_maxlen": null, "dst_regex": null, "dst_repl_char": null, "default_if_blank": null, "requires_lookup": false, "lookup_generictype": null}}, {"model": "sync.basicmappingtable", "pk": "43dd1a85-9c7e-4d8e-845e-993d3f8f7288", "fields": {"elementtype": "677e1196-7e09-458b-86e4-4e7bbc008b18", "generictype": "2ff061b3-2269-40b3-81a3-d2f5290ae844", "description": "Translate 'ipVersion'", "src_keyname": "ipVersion", "is_excluded": false, "uses_advanced_mapping": false, "dst_keyname": "ipVersion", "simple_value_map": "ipv4=IPV4||ipv6=IPV6||any=IP_AGNOSTIC||agnostic=IP_AGNOSTIC", "dst_maxlen": null, "dst_regex": null, "dst_repl_char": null, "default_if_blank": null, "requires_lookup": false, "lookup_generictype": null}}, {"model": "sync.basicmappingtable", "pk": "574bd57f-5916-4ab2-b5f3-a602b1d2bb38", "fields": {"elementtype": "677e1196-7e09-458b-86e4-4e7bbc008b18", "generictype": "8d1b48f6-2ced-4b62-bc2d-3d771aae6164", "description": "Ignore 'groupId'", "src_keyname": "groupId", "is_excluded": true, "uses_advanced_mapping": false, "dst_keyname": "groupId", "simple_value_map": null, "dst_maxlen": null, "dst_regex": null, "dst_repl_char": null, "default_if_blank": null, "requires_lookup": false, "lookup_generictype": null}}, {"model": "sync.basicmappingtable", "pk": "5c944535-a745-45cc-bc1d-5bc299ee9e49", "fields": {"elementtype": "2725c1bf-5179-4209-97de-f61f37e45231", "generictype": "2ff061b3-2269-40b3-81a3-d2f5290ae844", "description": "Translate 'aclcontent' -> 'rules'", "src_keyname": "aclcontent", "is_excluded": false, "uses_advanced_mapping": true, "dst_keyname": "rules", "simple_value_map": null, "dst_maxlen": null, "dst_regex": null, "dst_repl_char": null, "default_if_blank": null, "requires_lookup": false, "lookup_generictype": null}}, {"model": "sync.basicmappingtable", "pk": "60107b74-51d2-453f-9a83-6ae3638e79b2", "fields": {"elementtype": "677e1196-7e09-458b-86e4-4e7bbc008b18", "generictype": "c2419ffa-4758-4a78-9406-0cffb50cb1da", "description": "Ignore 'monitorModeEnabled'", "src_keyname": "monitorModeEnabled", "is_excluded": true, "uses_advanced_mapping": false, "dst_keyname": null, "simple_value_map": null, "dst_maxlen": null, "dst_regex": null, "dst_repl_char": null, "default_if_blank": null, "requires_lookup": false, "lookup_generictype": null}}, {"model": "sync.basicmappingtable", "pk": "6078237e-366a-40cd-b315-001f2cda2c8b", "fields": {"elementtype": "2725c1bf-5179-4209-97de-f61f37e45231", "generictype": "c2419ffa-4758-4a78-9406-0cffb50cb1da", "description": "Translate 'description' -> 'description'", "src_keyname": "description", "is_excluded": false, "uses_advanced_mapping": false, "dst_keyname": "description", "simple_value_map": null, "dst_maxlen": 256, "dst_regex": "[^0-9a-zA-Z]+", "dst_repl_char": "_", "default_if_blank": "Policy {{name}}", "requires_lookup": false, "lookup_generictype": null}}, {"model": "sync.basicmappingtable", "pk": "6f597404-6546-48c1-855a-1585e566f317", "fields": {"elementtype": "677e1196-7e09-458b-86e4-4e7bbc008b18", "generictype": "2ff061b3-2269-40b3-81a3-d2f5290ae844", "description": "Translate 'name' -> 'name'", "src_keyname": "name", "is_excluded": false, "uses_advanced_mapping": false, "dst_keyname": "name", "simple_value_map": null, "dst_maxlen": 32, "dst_regex": "[^0-9a-zA-Z]+", "dst_repl_char": "_", "default_if_blank": null, "requires_lookup": false, "lookup_generictype": null}}, {"model": "sync.basicmappingtable", "pk": "73c05846-b6b5-44aa-aedf-a04a1d767b77", "fields": {"elementtype": "2725c1bf-5179-4209-97de-f61f37e45231", "generictype": "8d1b48f6-2ced-4b62-bc2d-3d771aae6164", "description": "Ignore 'propogateToApic'", "src_keyname": "propogateToApic", "is_excluded": true, "uses_advanced_mapping": false, "dst_keyname": null, "simple_value_map": null, "dst_maxlen": null, "dst_regex": null, "dst_repl_char": null, "default_if_blank": null, "requires_lookup": false, "lookup_generictype": null}}, {"model": "sync.basicmappingtable", "pk": "73fd2ff5-37e4-4c48-81d2-a8a9f0c4b8cc", "fields": {"elementtype": "677e1196-7e09-458b-86e4-4e7bbc008b18", "generictype": "c2419ffa-4758-4a78-9406-0cffb50cb1da", "description": "Translate 'aclIds' -> 'sgacls'", "src_keyname": "aclIds", "is_excluded": false, "uses_advanced_mapping": false, "dst_keyname": "sgacls", "simple_value_map": null, "dst_maxlen": null, "dst_regex": null, "dst_repl_char": null, "default_if_blank": null, "requires_lookup": true, "lookup_generictype": "2ff061b3-2269-40b3-81a3-d2f5290ae844"}}, {"model": "sync.basicmappingtable", "pk": "768739bd-6cba-4f0f-b640-51d1882b9a4a", "fields": {"elementtype": "2725c1bf-5179-4209-97de-f61f37e45231", "generictype": "8d1b48f6-2ced-4b62-bc2d-3d771aae6164", "description": "Translate 'description' -> 'description'", "src_keyname": "description", "is_excluded": false, "uses_advanced_mapping": false, "dst_keyname": "description", "simple_value_map": null, "dst_maxlen": 256, "dst_regex": "[^0-9a-zA-Z]+", "dst_repl_char": "_", "default_if_blank": "Tag {{name}}", "requires_lookup": false, "lookup_generictype": null}}, {"model": "sync.basicmappingtable", "pk": "77afa242-62d9-44ec-bac3-79bcb5151918", "fields": {"elementtype": "2725c1bf-5179-4209-97de-f61f37e45231", "generictype": "c2419ffa-4758-4a78-9406-0cffb50cb1da", "description": "Translate 'destinationSgtId' -> 'dstGroupId'", "src_keyname": "destinationSgtId", "is_excluded": false, "uses_advanced_mapping": false, "dst_keyname": "dstGroupId", "simple_value_map": null, "dst_maxlen": null, "dst_regex": null, "dst_repl_char": null, "default_if_blank": null, "requires_lookup": true, "lookup_generictype": "8d1b48f6-2ced-4b62-bc2d-3d771aae6164"}}, {"model": "sync.basicmappingtable", "pk": "7edece7a-3f6b-4864-b78c-dc73ded78556", "fields": {"elementtype": "2725c1bf-5179-4209-97de-f61f37e45231", "generictype": "c2419ffa-4758-4a78-9406-0cffb50cb1da", "description": "Ignore 'link'", "src_keyname": "link", "is_excluded": true, "uses_advanced_mapping": false, "dst_keyname": null, "simple_value_map": null, "dst_maxlen": null, "dst_regex": null, "dst_repl_char": null, "default_if_blank": null, "requires_lookup": false, "lookup_generictype": null}}, {"model": "sync.basicmappingtable", "pk": "889357bd-bc64-4afb-ae36-e30d406398b6", "fields": {"elementtype": "2725c1bf-5179-4209-97de-f61f37e45231", "generictype": "c2419ffa-4758-4a78-9406-0cffb50cb1da", "description": "Translate 'defaultRule' -> 'catchAllRule'", "src_keyname": "defaultRule", "is_excluded": false, "uses_advanced_mapping": false, "dst_keyname": "catchAllRule", "simple_value_map": "NONE=global||PERMIT_IP=allow all||DENY_IP=deny all", "dst_maxlen": null, "dst_regex": null, "dst_repl_char": null, "default_if_blank": null, "requires_lookup": false, "lookup_generictype": null}}, {"model": "sync.basicmappingtable", "pk": "903f595d-4005-4e47-831a-6fd597baec79", "fields": {"elementtype": "677e1196-7e09-458b-86e4-4e7bbc008b18", "generictype": "2ff061b3-2269-40b3-81a3-d2f5290ae844", "description": "Ignore 'updatedAt'", "src_keyname": "updatedAt", "is_excluded": true, "uses_advanced_mapping": false, "dst_keyname": null, "simple_value_map": null, "dst_maxlen": null, "dst_regex": null, "dst_repl_char": null, "default_if_blank": null, "requires_lookup": false, "lookup_generictype": null}}, {"model": "sync.basicmappingtable", "pk": "913f29e2-a93d-40bc-8f43-6af0c0bfc777", "fields": {"elementtype": "677e1196-7e09-458b-86e4-4e7bbc008b18", "generictype": "c2419ffa-4758-4a78-9406-0cffb50cb1da", "description": "Ignore 'updatedAt'", "src_keyname": "updatedAt", "is_excluded": true, "uses_advanced_mapping": false, "dst_keyname": null, "simple_value_map": null, "dst_maxlen": null, "dst_regex": null, "dst_repl_char": null, "default_if_blank": null, "requires_lookup": false, "lookup_generictype": null}}, {"model": "sync.basicmappingtable", "pk": "96c4dea1-91b3-4d89-a85c-aecaf01277ec", "fields": {"elementtype": "677e1196-7e09-458b-86e4-4e7bbc008b18", "generictype": "8d1b48f6-2ced-4b62-bc2d-3d771aae6164", "description": "Ignore 'updatedAt'", "src_keyname": "updatedAt", "is_excluded": true, "uses_advanced_mapping": false, "dst_keyname": null, "simple_value_map": null, "dst_maxlen": null, "dst_regex": null, "dst_repl_char": null, "default_if_blank": null, "requires_lookup": false, "lookup_generictype": null}}, {"model": "sync.basicmappingtable", "pk": "9c9bdbcb-7b58-44b5-a169-065e858121b9", "fields": {"elementtype": "2725c1bf-5179-4209-97de-f61f37e45231", "generictype": "2ff061b3-2269-40b3-81a3-d2f5290ae844", "description": "Translate 'name' -> 'name'", "src_keyname": "name", "is_excluded": false, "uses_advanced_mapping": false, "dst_keyname": "name", "simple_value_map": null, "dst_maxlen": 32, "dst_regex": "[^0-9a-zA-Z]+", "dst_repl_char": "_", "default_if_blank": null, "requires_lookup": false, "lookup_generictype": null}}, {"model": "sync.basicmappingtable", "pk": "9e53f91f-0edd-4d1f-a812-d2597d2c1b56", "fields": {"elementtype": "677e1196-7e09-458b-86e4-4e7bbc008b18", "generictype": "2ff061b3-2269-40b3-81a3-d2f5290ae844", "description": "Ignore 'createdAt'", "src_keyname": "createdAt", "is_excluded": true, "uses_advanced_mapping": false, "dst_keyname": null, "simple_value_map": null, "dst_maxlen": null, "dst_regex": null, "dst_repl_char": null, "default_if_blank": null, "requires_lookup": false, "lookup_generictype": null}}, {"model": "sync.basicmappingtable", "pk": "a2da5cfa-cba9-4921-8434-da2624b351c4", "fields": {"elementtype": "2725c1bf-5179-4209-97de-f61f37e45231", "generictype": "c2419ffa-4758-4a78-9406-0cffb50cb1da", "description": "Translate 'name' -> 'name'", "src_keyname": "name", "is_excluded": false, "uses_advanced_mapping": false, "dst_keyname": "name", "simple_value_map": null, "dst_maxlen": 32, "dst_regex": "[^0-9a-zA-Z]+", "dst_repl_char": "_", "default_if_blank": null, "requires_lookup": false, "lookup_generictype": null}}, {"model": "sync.basicmappingtable", "pk": "a3412d15-dd71-4e3d-bacd-b2703b00ffb0", "fields": {"elementtype": "2725c1bf-5179-4209-97de-f61f37e45231", "generictype": "8d1b48f6-2ced-4b62-bc2d-3d771aae6164", "description": "Translate 'name' -> 'name'", "src_keyname": "name", "is_excluded": false, "uses_advanced_mapping": false, "dst_keyname": "name", "simple_value_map": null, "dst_maxlen": 32, "dst_regex": "[^0-9a-zA-Z]+", "dst_repl_char": "_", "default_if_blank": null, "requires_lookup": false, "lookup_generictype": null}}, {"model": "sync.basicmappingtable", "pk": "a445eabe-8cb2-4bbe-80b0-d48794c84b3c", "fields": {"elementtype": "677e1196-7e09-458b-86e4-4e7bbc008b18", "generictype": "8d1b48f6-2ced-4b62-bc2d-3d771aae6164", "description": "Translate 'name' -> 'name'", "src_keyname": "name", "is_excluded": false, "uses_advanced_mapping": false, "dst_keyname": "name", "simple_value_map": null, "dst_maxlen": 32, "dst_regex": "[^0-9a-zA-Z]+", "dst_repl_char": "_", "default_if_blank": null, "requires_lookup": false, "lookup_generictype": null}}, {"model": "sync.basicmappingtable", "pk": "aeb5e28a-96b9-4f9d-a34b-3499dbce4ad2", "fields": {"elementtype": "677e1196-7e09-458b-86e4-4e7bbc008b18", "generictype": "c2419ffa-4758-4a78-9406-0cffb50cb1da", "description": "Translate 'dstGroupId' -> 'destinationSgtId'", "src_keyname": "dstGroupId", "is_excluded": false, "uses_advanced_mapping": false, "dst_keyname": "destinationSgtId", "simple_value_map": null, "dst_maxlen": null, "dst_regex": null, "dst_repl_char": null, "default_if_blank": null, "requires_lookup": true, "lookup_generictype": "8d1b48f6-2ced-4b62-bc2d-3d771aae6164"}}, {"model": "sync.basicmappingtable", "pk": "b9ba6716-f5b6-48c7-9925-08cc8be9f4aa", "fields": {"elementtype": "677e1196-7e09-458b-86e4-4e7bbc008b18", "generictype": "c2419ffa-4758-4a78-9406-0cffb50cb1da", "description": "Translate 'srcGroupId' -> 'sourceSgtId'", "src_keyname": "srcGroupId", "is_excluded": false, "uses_advanced_mapping": false, "dst_keyname": "sourceSgtId", "simple_value_map": null, "dst_maxlen": null, "dst_regex": null, "dst_repl_char": null, "default_if_blank": null, "requires_lookup": true, "lookup_generictype": "8d1b48f6-2ced-4b62-bc2d-3d771aae6164"}}, {"model": "sync.basicmappingtable", "pk": "bb4fd9c4-8d36-4364-8311-55e044414172", "fields": {"elementtype": "2725c1bf-5179-4209-97de-f61f37e45231", "generictype": "c2419ffa-4758-4a78-9406-0cffb50cb1da", "description": "Ignore 'id'", "src_keyname": "id", "is_excluded": true, "uses_advanced_mapping": false, "dst_keyname": "id", "simple_value_map": null, "dst_maxlen": null, "dst_regex": null, "dst_repl_char": null, "default_if_blank": null, "requires_lookup": false, "lookup_generictype": null}}, {"model": "sync.basicmappingtable", "pk": "bd6ced17-581c-472b-88bd-a8ff0368d190", "fields": {"elementtype": "677e1196-7e09-458b-86e4-4e7bbc008b18", "generictype": "8d1b48f6-2ced-4b62-bc2d-3d771aae6164", "description": "Translate 'value' -> 'value'", "src_keyname": "value", "is_excluded": false, "uses_advanced_mapping": false, "dst_keyname": "value", "simple_value_map": null, "dst_maxlen": null, "dst_regex": null, "dst_repl_char": null, "default_if_blank": null, "requires_lookup": false, "lookup_generictype": null}}, {"model": "sync.basicmappingtable", "pk": "be7ea000-9dfd-49d7-bdf8-627646deee57", "fields": {"elementtype": "2725c1bf-5179-4209-97de-f61f37e45231", "generictype": "2ff061b3-2269-40b3-81a3-d2f5290ae844", "description": "Translate 'ipVersion'", "src_keyname": "ipVersion", "is_excluded": true, "uses_advanced_mapping": false, "dst_keyname": "ipVersion", "simple_value_map": "IPV4=ipv4||IPV6=ipv6||None=any", "dst_maxlen": null, "dst_regex": null, "dst_repl_char": null, "default_if_blank": null, "requires_lookup": false, "lookup_generictype": null}}, {"model": "sync.basicmappingtable", "pk": "c391c523-2657-4350-97c3-28b4b4c507cc", "fields": {"elementtype": "677e1196-7e09-458b-86e4-4e7bbc008b18", "generictype": "8d1b48f6-2ced-4b62-bc2d-3d771aae6164", "description": "Ignore 'requiredIpMappings'", "src_keyname": "requiredIpMappings", "is_excluded": true, "uses_advanced_mapping": false, "dst_keyname": null, "simple_value_map": null, "dst_maxlen": null, "dst_regex": null, "dst_repl_char": null, "default_if_blank": null, "requires_lookup": false, "lookup_generictype": null}}, {"model": "sync.basicmappingtable", "pk": "d6008850-7788-49d9-b782-21c030b19183", "fields": {"elementtype": "2725c1bf-5179-4209-97de-f61f37e45231", "generictype": "8d1b48f6-2ced-4b62-bc2d-3d771aae6164", "description": "Ignore 'id'", "src_keyname": "id", "is_excluded": true, "uses_advanced_mapping": false, "dst_keyname": null, "simple_value_map": null, "dst_maxlen": null, "dst_regex": null, "dst_repl_char": null, "default_if_blank": null, "requires_lookup": false, "lookup_generictype": null}}, {"model": "sync.basicmappingtable", "pk": "d7e303db-c957-4ede-bdd1-7dad335bb535", "fields": {"elementtype": "677e1196-7e09-458b-86e4-4e7bbc008b18", "generictype": "c2419ffa-4758-4a78-9406-0cffb50cb1da", "description": "Ignore 'versionNum'", "src_keyname": "versionNum", "is_excluded": true, "uses_advanced_mapping": false, "dst_keyname": null, "simple_value_map": null, "dst_maxlen": null, "dst_regex": null, "dst_repl_char": null, "default_if_blank": null, "requires_lookup": false, "lookup_generictype": null}}, {"model": "sync.basicmappingtable", "pk": "dcd24ca4-b1d1-4d0a-b4cf-d711357dfba0", "fields": {"elementtype": "2725c1bf-5179-4209-97de-f61f37e45231", "generictype": "c2419ffa-4758-4a78-9406-0cffb50cb1da", "description": "Translate 'matrixCellStatus' -> 'bindingEnabled'", "src_keyname": "matrixCellStatus", "is_excluded": false, "uses_advanced_mapping": false, "dst_keyname": "bindingEnabled", "simple_value_map": "ENABLED=True||DISABLED=False", "dst_maxlen": null, "dst_regex": null, "dst_repl_char": null, "default_if_blank": null, "requires_lookup": false, "lookup_generictype": null}}, {"model": "sync.basicmappingtable", "pk": "dcd5af13-5814-4372-ae91-ffeea050e2c5", "fields": {"elementtype": "677e1196-7e09-458b-86e4-4e7bbc008b18", "generictype": "c2419ffa-4758-4a78-9406-0cffb50cb1da", "description": "Translate 'description' -> 'description'", "src_keyname": "description", "is_excluded": false, "uses_advanced_mapping": false, "dst_keyname": "description", "simple_value_map": null, "dst_maxlen": 256, "dst_regex": "[^0-9a-zA-Z]+", "dst_repl_char": "_", "default_if_blank": "Policy {{name}}", "requires_lookup": false, "lookup_generictype": null}}, {"model": "sync.basicmappingtable", "pk": "e116e751-0ef4-42a2-ae8f-49fd9db66717", "fields": {"elementtype": "677e1196-7e09-458b-86e4-4e7bbc008b18", "generictype": "2ff061b3-2269-40b3-81a3-d2f5290ae844", "description": "Translate 'description' -> 'description'", "src_keyname": "description", "is_excluded": false, "uses_advanced_mapping": false, "dst_keyname": "description", "simple_value_map": null, "dst_maxlen": 256, "dst_regex": "[^0-9a-zA-Z]+", "dst_repl_char": "_", "default_if_blank": "ACL {{name}}", "requires_lookup": false, "lookup_generictype": null}}, {"model": "sync.basicmappingtable", "pk": "e3a1c76d-dcc1-47bd-ac59-2ba76d39f8e3", "fields": {"elementtype": "2725c1bf-5179-4209-97de-f61f37e45231", "generictype": "c2419ffa-4758-4a78-9406-0cffb50cb1da", "description": "Translate 'sgacls' -> 'aclIds'", "src_keyname": "sgacls", "is_excluded": false, "uses_advanced_mapping": false, "dst_keyname": "aclIds", "simple_value_map": null, "dst_maxlen": null, "dst_regex": null, "dst_repl_char": null, "default_if_blank": null, "requires_lookup": true, "lookup_generictype": "2ff061b3-2269-40b3-81a3-d2f5290ae844"}}, {"model": "sync.basicmappingtable", "pk": "e690ffd3-597a-4854-b103-63a447a2acc5", "fields": {"elementtype": "2725c1bf-5179-4209-97de-f61f37e45231", "generictype": "2ff061b3-2269-40b3-81a3-d2f5290ae844", "description": "Translate 'description' -> 'description'", "src_keyname": "description", "is_excluded": false, "uses_advanced_mapping": false, "dst_keyname": "description", "simple_value_map": null, "dst_maxlen": 256, "dst_regex": "[^0-9a-zA-Z]+", "dst_repl_char": "_", "default_if_blank": "ACL {{name}}", "requires_lookup": false, "lookup_generictype": null}}, {"model": "sync.basicmappingtable", "pk": "ec04f907-4e3f-4060-a5b2-2d9e72aae809", "fields": {"elementtype": "677e1196-7e09-458b-86e4-4e7bbc008b18", "generictype": "2ff061b3-2269-40b3-81a3-d2f5290ae844", "description": "Translate 'rules' -> 'aclcontent'", "src_keyname": "rules", "is_excluded": false, "uses_advanced_mapping": true, "dst_keyname": "aclcontent", "simple_value_map": null, "dst_maxlen": null, "dst_regex": null, "dst_repl_char": null, "default_if_blank": null, "requires_lookup": false, "lookup_generictype": null}}, {"model": "sync.basicmappingtable", "pk": "fc80bb31-87bb-4dcb-a757-feeaefd1a376", "fields": {"elementtype": "677e1196-7e09-458b-86e4-4e7bbc008b18", "generictype": "2ff061b3-2269-40b3-81a3-d2f5290ae844", "description": "Ignore 'versionNum'", "src_keyname": "versionNum", "is_excluded": true, "uses_advanced_mapping": false, "dst_keyname": null, "simple_value_map": null, "dst_maxlen": null, "dst_regex": null, "dst_repl_char": null, "default_if_blank": null, "requires_lookup": false, "lookup_generictype": null}}, {"model": "sync.basicmappingtable", "pk": "fd28ed44-e33b-464d-9f1f-d10a44d4bb50", "fields": {"elementtype": "677e1196-7e09-458b-86e4-4e7bbc008b18", "generictype": "8d1b48f6-2ced-4b62-bc2d-3d771aae6164", "description": "Ignore 'isDefaultGroup'", "src_keyname": "isDefaultGroup", "is_excluded": true, "uses_advanced_mapping": false, "dst_keyname": null, "simple_value_map": null, "dst_maxlen": null, "dst_regex": null, "dst_repl_char": null, "default_if_blank": null, "requires_lookup": false, "lookup_generictype": null}}]